{
  "questions": [
    {
      "title": "MBTI",
      "file": "mbti"
    },
    {
      "title": "당신은 어떤 사랑을 하고 싶나요",
      "file": "test2"
    },
    {
      "title": "당신이 좋아하는 애완동물은",
      "file": "test1"
    },
    {
      "title": "샤워 습관으로 알아보는 연애 스타일",
      "file": "love_shower"
    },
    {
      "title": "풍선 색으로 알아보는 성향",
      "file": "balloon"
    },
    {
      "title": "꽃으로 보는 이상형 취향",
      "file": "flower"
    },
    {
      "title": "도배 색으로 알아보는 성격 테스트",
      "file": "wallpaper"
    },
    {
      "title": "정글 멧돼지 위기대처 유형",
      "file": "forest"
    },
    {
      "title": "동물로 보는 스트레스 지수",
      "file": "animal_stress"
    }
  ],
  "count": 9
}
