{
  "project_info": {
    "project_number": "1076505618164",
    "firebase_url": "https://firstapp-af2a2-default-rtdb.firebaseio.com",
    "project_id": "firstapp-af2a2",
    "storage_bucket": "firstapp-af2a2.firebasestorage.app"
  },
  "client": [
    {
      "client_info": {
        "mobilesdk_app_id": "1:1076505618164:android:9d2274bd853fa1b314a0a1",
        "android_client_info": {
          "package_name": "com.example.budongsan"
        }
      },
      "oauth_client": [],
      "api_key": [
        {
          "current_key": "AIzaSyDmuvT94oBIPU8m6jCGsoBaG2_DcgNPUM0"
        }
      ],
      "services": {
        "appinvite_service": {
          "other_platform_oauth_client": []
        }
      }
    },
    {
      "client_info": {
        "mobilesdk_app_id": "1:1076505618164:android:017362fd35d85d8b14a0a1",
        "android_client_info": {
          "package_name": "com.example.classic"
        }
      },
      "oauth_client": [],
      "api_key": [
        {
          "current_key": "AIzaSyDmuvT94oBIPU8m6jCGsoBaG2_DcgNPUM0"
        }
      ],
      "services": {
        "appinvite_service": {
          "other_platform_oauth_client": []
        }
      }
    },
    {
      "client_info": {
        "mobilesdk_app_id": "1:1076505618164:android:1bc529b8f5fc969614a0a1",
        "android_client_info": {
          "package_name": "com.example.firstapp"
        }
      },
      "oauth_client": [],
      "api_key": [
        {
          "current_key": "AIzaSyDmuvT94oBIPU8m6jCGsoBaG2_DcgNPUM0"
        }
      ],
      "services": {
        "appinvite_service": {
          "other_platform_oauth_client": []
        }
      }
    },
    {
      "client_info": {
        "mobilesdk_app_id": "1:1076505618164:android:ec7d42ab19ff40eb14a0a1",
        "android_client_info": {
          "package_name": "com.example.honeybee"
        }
      },
      "oauth_client": [],
      "api_key": [
        {
          "current_key": "AIzaSyDmuvT94oBIPU8m6jCGsoBaG2_DcgNPUM0"
        }
      ],
      "services": {
        "appinvite_service": {
          "other_platform_oauth_client": []
        }
      }
    },
    {
      "client_info": {
        "mobilesdk_app_id": "1:1076505618164:android:ed374d9bc20f211314a0a1",
        "android_client_info": {
          "package_name": "com.example.personality_test"
        }
      },
      "oauth_client": [],
      "api_key": [
        {
          "current_key": "AIzaSyDmuvT94oBIPU8m6jCGsoBaG2_DcgNPUM0"
        }
      ],
      "services": {
        "appinvite_service": {
          "other_platform_oauth_client": []
        }
      }
    },
    {
      "client_info": {
        "mobilesdk_app_id": "1:1076505618164:android:1b03619344aa1b5b14a0a1",
        "android_client_info": {
          "package_name": "com.example.personalitytest"
        }
      },
      "oauth_client": [],
      "api_key": [
        {
          "current_key": "AIzaSyDmuvT94oBIPU8m6jCGsoBaG2_DcgNPUM0"
        }
      ],
      "services": {
        "appinvite_service": {
          "other_platform_oauth_client": []
        }
      }
    }
  ],
  "configuration_version": "1"
}